AuthorID,AuthorName,Age,Affiliation,Nationality,Email,Present
200001,Pulkit Sharma,36,Indian Institute of Technology Patna,India,pulkitsharma@gmail.com,1
200002,Ting Chen,31,Stanford University,China,tingchen@gmail.com,1
200003,Ben Poole,38,Google Research,USA,benpoole@gmail.com,0
200004,Michal Valko,47,Deep Mind Research,Russia,michalvalko@gmail.com,1
200005,Pierre Gaillard,26,Nanyang Technological University,France,pierregaillard@gmail.com,1
200006,Geoffrey Hinton,26,Google Brain Research,USA,geoffreyhinton@gmail.com,1
200007,Francesco Locatello,33,Massachussets Institute of Technology,Italy,francescolocatello@gmail.com,1
200008,Alexandra Carpentier,28,Cornell University,France,alexandracarpentier@gmail.com,1
200009,Vinayak Abrol,27,"Indraprastha Insitute of Information Technology, Delhi",India,vinayakabrol@gmail.com,1
200010,Tanmay Shankar,48,Carnegie Mellon University,India,tanmayshankar@gmail.com,0
200011,Abhinav Gupta,48,Carnegie Mellon University,India,abhinavgupta@gmail.com,1
200012,Anne Gael Manegueu,33,University of British Columbia,Denmark,annegael@gmail.com,1
200013,Abhishek Kumar,39,Princeton University,India,abhishekkumar@gmail.com,1
200014,Bernhard Sch√∂lkopf,47,Google Research,Germany,bernhardscholkopf@gmail.com,1
200015,Jean Tarbouriech,46,Hong Kong University of Science and Technology,France,jeantarbouriech@gmail.com,0
200016,Yao Liu,30,Stanford University,USA,tomandjerry123@gmail.com,0
200017,Pierre-Luc Bacon,30,University of Montreal,Canada,scoobydooby456@gmaill,1
200018,Emma Brunskill,27,Stanford University,USA,emmabrunskill@gmail.com,0
200019,Mengdi Wang,40,Princeton University,USA,doofishmertz@gmail.com,1
200020,George Papamakarious,43,Google Brain Research,Canada,gerogepapa@gmail.com,1
200021,Chris Cremer,48,Massachussets Institute of Technology,USA,chriscremer@gmail.com,1
200022,Ricky T.Q. Chen,48,Cornell University,USA,rickytqchen@gmail.com,1
200023,Danilo J. Rezende,41,Deep Mind Research,UK,danilorezende@gmail.com,1